SERMON_SLUG,JSON_FILE,WEATHER_PHENOMENON
1556-roerer-ein-predig-von,1556_Rörer_Ein_Predig_von_dem_Leüten_gegen_das_wetter.json,Wetter
1556-roerer-ein-predig-von,1556_Rörer_Ein_Predig_von_dem_Leüten_gegen_das_wetter.json,Witterung/Gewitter
1556-roerer-ein-predig-von,1556_Rörer_Ein_Predig_von_dem_Leüten_gegen_das_wetter.json,Winter
1556-roerer-ein-predig-von,1556_Rörer_Ein_Predig_von_dem_Leüten_gegen_das_wetter.json,Regen/Blutregen/Regenbogen
1556-roerer-ein-predig-von,1556_Rörer_Ein_Predig_von_dem_Leüten_gegen_das_wetter.json,Dürre
1556-roerer-ein-predig-von,1556_Rörer_Ein_Predig_von_dem_Leüten_gegen_das_wetter.json,Hagel
1556-roerer-ein-predig-von,1556_Rörer_Ein_Predig_von_dem_Leüten_gegen_das_wetter.json,Flut
1556-roerer-ein-predig-von,1556_Rörer_Ein_Predig_von_dem_Leüten_gegen_das_wetter.json,Wasser
1565-alber-eine-summa-etlicher,1565_Alber_Ein_Summa_etlicher_Predigen_von_Hagel_und_Unholden_gethon_in_der_Pfarkirch_zuo_S.json,Witterung/Gewitter
1565-alber-eine-summa-etlicher,1565_Alber_Ein_Summa_etlicher_Predigen_von_Hagel_und_Unholden_gethon_in_der_Pfarkirch_zuo_S.json,Finsternuß/Finsternis
1565-alber-eine-summa-etlicher,1565_Alber_Ein_Summa_etlicher_Predigen_von_Hagel_und_Unholden_gethon_in_der_Pfarkirch_zuo_S.json,Schnee
1565-alber-eine-summa-etlicher,1565_Alber_Ein_Summa_etlicher_Predigen_von_Hagel_und_Unholden_gethon_in_der_Pfarkirch_zuo_S.json,Dürre
1565-alber-eine-summa-etlicher,1565_Alber_Ein_Summa_etlicher_Predigen_von_Hagel_und_Unholden_gethon_in_der_Pfarkirch_zuo_S.json,Hagel
1565-alber-eine-summa-etlicher,1565_Alber_Ein_Summa_etlicher_Predigen_von_Hagel_und_Unholden_gethon_in_der_Pfarkirch_zuo_S.json,Schlossen/Schloßen
1565-alber-eine-summa-etlicher,1565_Alber_Ein_Summa_etlicher_Predigen_von_Hagel_und_Unholden_gethon_in_der_Pfarkirch_zuo_S.json,Wasser
1566-rorer-eine-predigt-von,1566_Rorer_Eine_Predigt_von_dem_Leuten_gegen_das_Wetter.json,Wetter
1566-rorer-eine-predigt-von,1566_Rorer_Eine_Predigt_von_dem_Leuten_gegen_das_Wetter.json,Winter
1566-rorer-eine-predigt-von,1566_Rorer_Eine_Predigt_von_dem_Leuten_gegen_das_Wetter.json,Regen/Blutregen/Regenbogen
1566-rorer-eine-predigt-von,1566_Rorer_Eine_Predigt_von_dem_Leuten_gegen_das_Wetter.json,Hagel
1566-rorer-eine-predigt-von,1566_Rorer_Eine_Predigt_von_dem_Leuten_gegen_das_Wetter.json,Sommer
1566-rorer-eine-predigt-von,1566_Rorer_Eine_Predigt_von_dem_Leuten_gegen_das_Wetter.json,Wasser
1571-lavater-von-thuewre-vn,1571_Lavater_Von_Thüwre_und_Hunger_dry_Predigen.json,Witterung/Gewitter
1571-lavater-von-thuewre-vn,1571_Lavater_Von_Thüwre_und_Hunger_dry_Predigen.json,Wind
1571-lavater-von-thuewre-vn,1571_Lavater_Von_Thüwre_und_Hunger_dry_Predigen.json,Winter
1571-lavater-von-thuewre-vn,1571_Lavater_Von_Thüwre_und_Hunger_dry_Predigen.json,Frost
1571-lavater-von-thuewre-vn,1571_Lavater_Von_Thüwre_und_Hunger_dry_Predigen.json,Schnee
1571-lavater-von-thuewre-vn,1571_Lavater_Von_Thüwre_und_Hunger_dry_Predigen.json,Dürre
1571-lavater-von-thuewre-vn,1571_Lavater_Von_Thüwre_und_Hunger_dry_Predigen.json,Hagel
1571-lavater-von-thuewre-vn,1571_Lavater_Von_Thüwre_und_Hunger_dry_Predigen.json,kalt
1571-lavater-von-thuewre-vn,1571_Lavater_Von_Thüwre_und_Hunger_dry_Predigen.json,heiß
1571-lavater-von-thuewre-vn,1571_Lavater_Von_Thüwre_und_Hunger_dry_Predigen.json,Schlossen/Schloßen
1571-lavater-von-thuewre-vn,1571_Lavater_Von_Thüwre_und_Hunger_dry_Predigen.json,Wasser
1589-alber-eine-summa-etlicher,1589_Alberum_Bidenbach_Ein_Summa_etlicher_Predigen_vom_Hagel_un.json,Finsternuß/Finsternis
1589-alber-eine-summa-etlicher,1589_Alberum_Bidenbach_Ein_Summa_etlicher_Predigen_vom_Hagel_un.json,Regen/Blutregen/Regenbogen
1589-alber-eine-summa-etlicher,1589_Alberum_Bidenbach_Ein_Summa_etlicher_Predigen_vom_Hagel_un.json,Schnee
1589-alber-eine-summa-etlicher,1589_Alberum_Bidenbach_Ein_Summa_etlicher_Predigen_vom_Hagel_un.json,Hagel
1589-alber-eine-summa-etlicher,1589_Alberum_Bidenbach_Ein_Summa_etlicher_Predigen_vom_Hagel_un.json,Schlossen/Schloßen
1589-alber-eine-summa-etlicher,1589_Alberum_Bidenbach_Ein_Summa_etlicher_Predigen_vom_Hagel_un.json,Wasser
1599-fabricius-christliche-predigt-von,1599_Fabricius_Christliche_Predigt_von_den_grossen_vnd_kleinen_Bäumen.json,Wind
1599-fabricius-christliche-predigt-von,1599_Fabricius_Christliche_Predigt_von_den_grossen_vnd_kleinen_Bäumen.json,Regen/Blutregen/Regenbogen
1599-fabricius-christliche-predigt-von,1599_Fabricius_Christliche_Predigt_von_den_grossen_vnd_kleinen_Bäumen.json,Nebel
1599-fabricius-christliche-predigt-von,1599_Fabricius_Christliche_Predigt_von_den_grossen_vnd_kleinen_Bäumen.json,Kälte
1599-fabricius-christliche-predigt-von,1599_Fabricius_Christliche_Predigt_von_den_grossen_vnd_kleinen_Bäumen.json,Schnee
1613-schilling-vier-predigten-von,1613_Conciones_de_tempore_3__Predigt_Schnee.json,Wetter
1613-schilling-vier-predigten-von,1613_Conciones_de_tempore_3__Predigt_Schnee.json,Wind
1613-schilling-vier-predigten-von,1613_Conciones_de_tempore_3__Predigt_Schnee.json,Finsternuß/Finsternis
1613-schilling-vier-predigten-von,1613_Conciones_de_tempore_3__Predigt_Schnee.json,Winter
1613-schilling-vier-predigten-von,1613_Conciones_de_tempore_3__Predigt_Schnee.json,Regen/Blutregen/Regenbogen
1613-schilling-vier-predigten-von,1613_Conciones_de_tempore_3__Predigt_Schnee.json,Komet/Comet
1613-schilling-vier-predigten-von,1613_Conciones_de_tempore_3__Predigt_Schnee.json,Frost
1613-schilling-vier-predigten-von,1613_Conciones_de_tempore_3__Predigt_Schnee.json,Schnee
1613-schilling-vier-predigten-von,1613_Conciones_de_tempore_3__Predigt_Schnee.json,Dürre
1613-schilling-vier-predigten-von,1613_Conciones_de_tempore_3__Predigt_Schnee.json,Hagel
1613-schilling-vier-predigten-von,1613_Conciones_de_tempore_3__Predigt_Schnee.json,Hitze
1613-schilling-vier-predigten-von,1613_Conciones_de_tempore_3__Predigt_Schnee.json,Flut
1613-schilling-vier-predigten-von,1613_Conciones_de_tempore_3__Predigt_Schnee.json,Frühling/Frühjahr/Lenz
1613-schilling-vier-predigten-von,1613_Conciones_de_tempore_3__Predigt_Schnee.json,kalt
1613-schilling-vier-predigten-von,1613_Conciones_de_tempore_3__Predigt_Schnee.json,heiß
1613-schilling-vier-predigten-von,1613_Conciones_de_tempore_3__Predigt_Schnee.json,Schlossen/Schloßen
1613-schilling-vier-predigten-von,1613_Conciones_de_tempore_3__Predigt_Schnee.json,Wasser
1613-schilling-vier-predigten-von,1613_Conciones_de_tempore_3__Predigt_Schnee.json,Sonne
1616-titius-eine-christliche-und,1616_Titius_Predigt_Vom_Donner_Hagel_und_Blitzen.json,Wetter
1616-titius-eine-christliche-und,1616_Titius_Predigt_Vom_Donner_Hagel_und_Blitzen.json,Witterung/Gewitter
1616-titius-eine-christliche-und,1616_Titius_Predigt_Vom_Donner_Hagel_und_Blitzen.json,Wind
1616-titius-eine-christliche-und,1616_Titius_Predigt_Vom_Donner_Hagel_und_Blitzen.json,Winter
1616-titius-eine-christliche-und,1616_Titius_Predigt_Vom_Donner_Hagel_und_Blitzen.json,Regen/Blutregen/Regenbogen
1616-titius-eine-christliche-und,1616_Titius_Predigt_Vom_Donner_Hagel_und_Blitzen.json,Kälte
1616-titius-eine-christliche-und,1616_Titius_Predigt_Vom_Donner_Hagel_und_Blitzen.json,Dürre
1616-titius-eine-christliche-und,1616_Titius_Predigt_Vom_Donner_Hagel_und_Blitzen.json,Hagel
1616-titius-eine-christliche-und,1616_Titius_Predigt_Vom_Donner_Hagel_und_Blitzen.json,Hitze
1616-titius-eine-christliche-und,1616_Titius_Predigt_Vom_Donner_Hagel_und_Blitzen.json,Feuchte
1616-titius-eine-christliche-und,1616_Titius_Predigt_Vom_Donner_Hagel_und_Blitzen.json,Sommer
1616-titius-eine-christliche-und,1616_Titius_Predigt_Vom_Donner_Hagel_und_Blitzen.json,Schlossen/Schloßen
1616-titius-eine-christliche-und,1616_Titius_Predigt_Vom_Donner_Hagel_und_Blitzen.json,Wasser
1616-titius-eine-christliche-und,1616_Titius_Predigt_Vom_Donner_Hagel_und_Blitzen.json,Sonne
1658-tappe-der-mensch-weiss,1658_Tappe_Der_Mensch_weiß_seine_Zeit_nicht__LeichPredigt.json,Wetter
1658-tappe-der-mensch-weiss,1658_Tappe_Der_Mensch_weiß_seine_Zeit_nicht__LeichPredigt.json,Regen/Blutregen/Regenbogen
1664-heland-est-visa-dei,"1664_Heland_Est_Visa_Dei_Gloria,_In_Fulgurita_Curia.json",Wetter
1664-heland-est-visa-dei,"1664_Heland_Est_Visa_Dei_Gloria,_In_Fulgurita_Curia.json",Witterung/Gewitter
1664-heland-est-visa-dei,"1664_Heland_Est_Visa_Dei_Gloria,_In_Fulgurita_Curia.json",Wind
1664-heland-est-visa-dei,"1664_Heland_Est_Visa_Dei_Gloria,_In_Fulgurita_Curia.json",Winter
1664-heland-est-visa-dei,"1664_Heland_Est_Visa_Dei_Gloria,_In_Fulgurita_Curia.json",Regen/Blutregen/Regenbogen
1664-heland-est-visa-dei,"1664_Heland_Est_Visa_Dei_Gloria,_In_Fulgurita_Curia.json",Eis
1664-heland-est-visa-dei,"1664_Heland_Est_Visa_Dei_Gloria,_In_Fulgurita_Curia.json",Hagel
1664-heland-est-visa-dei,"1664_Heland_Est_Visa_Dei_Gloria,_In_Fulgurita_Curia.json",Sturm
1664-heland-est-visa-dei,"1664_Heland_Est_Visa_Dei_Gloria,_In_Fulgurita_Curia.json",Dampf
1664-heland-est-visa-dei,"1664_Heland_Est_Visa_Dei_Gloria,_In_Fulgurita_Curia.json",Sommer
1664-heland-est-visa-dei,"1664_Heland_Est_Visa_Dei_Gloria,_In_Fulgurita_Curia.json",Wasser
1666-wessel-des-himmel-koenigs-wetter-geschuetze,1666_Barthold_Des_Himmelskönigs_Wetter-Geschütze.json,Wetter
1666-wessel-des-himmel-koenigs-wetter-geschuetze,1666_Barthold_Des_Himmelskönigs_Wetter-Geschütze.json,Witterung/Gewitter
1666-wessel-des-himmel-koenigs-wetter-geschuetze,1666_Barthold_Des_Himmelskönigs_Wetter-Geschütze.json,Wind
1666-wessel-des-himmel-koenigs-wetter-geschuetze,1666_Barthold_Des_Himmelskönigs_Wetter-Geschütze.json,Winter
1666-wessel-des-himmel-koenigs-wetter-geschuetze,1666_Barthold_Des_Himmelskönigs_Wetter-Geschütze.json,Regen/Blutregen/Regenbogen
1666-wessel-des-himmel-koenigs-wetter-geschuetze,1666_Barthold_Des_Himmelskönigs_Wetter-Geschütze.json,Kälte
1666-wessel-des-himmel-koenigs-wetter-geschuetze,1666_Barthold_Des_Himmelskönigs_Wetter-Geschütze.json,Schnee
1666-wessel-des-himmel-koenigs-wetter-geschuetze,1666_Barthold_Des_Himmelskönigs_Wetter-Geschütze.json,Hagel
1666-wessel-des-himmel-koenigs-wetter-geschuetze,1666_Barthold_Des_Himmelskönigs_Wetter-Geschütze.json,Hitze
1666-wessel-des-himmel-koenigs-wetter-geschuetze,1666_Barthold_Des_Himmelskönigs_Wetter-Geschütze.json,Sturm
1666-wessel-des-himmel-koenigs-wetter-geschuetze,1666_Barthold_Des_Himmelskönigs_Wetter-Geschütze.json,Dampf
1666-wessel-des-himmel-koenigs-wetter-geschuetze,1666_Barthold_Des_Himmelskönigs_Wetter-Geschütze.json,Sommer
1666-wessel-des-himmel-koenigs-wetter-geschuetze,1666_Barthold_Des_Himmelskönigs_Wetter-Geschütze.json,Schlossen/Schloßen
1666-wessel-des-himmel-koenigs-wetter-geschuetze,1666_Barthold_Des_Himmelskönigs_Wetter-Geschütze.json,Wasser
1706-cuno-den-schnee-als,1706_Cuno_Den_Schnee.json,Wetter
1706-cuno-den-schnee-als,1706_Cuno_Den_Schnee.json,Schnee
1706-cuno-den-schnee-als,1706_Cuno_Den_Schnee.json,heiß
1706-cuno-den-schnee-als,1706_Cuno_Den_Schnee.json,Wasser
1720-pregitzer-das-von-gott,new_trans_1720_Pregitzer_Das_von_Gott_zwar_hart_gestraffte_und_gezüchtigte_[___]_Tübingen.json,Wetter
1720-pregitzer-das-von-gott,new_trans_1720_Pregitzer_Das_von_Gott_zwar_hart_gestraffte_und_gezüchtigte_[___]_Tübingen.json,Witterung/Gewitter
1720-pregitzer-das-von-gott,new_trans_1720_Pregitzer_Das_von_Gott_zwar_hart_gestraffte_und_gezüchtigte_[___]_Tübingen.json,Wind
1720-pregitzer-das-von-gott,new_trans_1720_Pregitzer_Das_von_Gott_zwar_hart_gestraffte_und_gezüchtigte_[___]_Tübingen.json,Finsternuß/Finsternis
1720-pregitzer-das-von-gott,new_trans_1720_Pregitzer_Das_von_Gott_zwar_hart_gestraffte_und_gezüchtigte_[___]_Tübingen.json,Regen/Blutregen/Regenbogen
1720-pregitzer-das-von-gott,new_trans_1720_Pregitzer_Das_von_Gott_zwar_hart_gestraffte_und_gezüchtigte_[___]_Tübingen.json,Frost
1720-pregitzer-das-von-gott,new_trans_1720_Pregitzer_Das_von_Gott_zwar_hart_gestraffte_und_gezüchtigte_[___]_Tübingen.json,Kälte
1720-pregitzer-das-von-gott,new_trans_1720_Pregitzer_Das_von_Gott_zwar_hart_gestraffte_und_gezüchtigte_[___]_Tübingen.json,Schnee
1720-pregitzer-das-von-gott,new_trans_1720_Pregitzer_Das_von_Gott_zwar_hart_gestraffte_und_gezüchtigte_[___]_Tübingen.json,Dürre
1720-pregitzer-das-von-gott,new_trans_1720_Pregitzer_Das_von_Gott_zwar_hart_gestraffte_und_gezüchtigte_[___]_Tübingen.json,Hagel
1720-pregitzer-das-von-gott,new_trans_1720_Pregitzer_Das_von_Gott_zwar_hart_gestraffte_und_gezüchtigte_[___]_Tübingen.json,Hitze
1720-pregitzer-das-von-gott,new_trans_1720_Pregitzer_Das_von_Gott_zwar_hart_gestraffte_und_gezüchtigte_[___]_Tübingen.json,Sturm
1720-pregitzer-das-von-gott,new_trans_1720_Pregitzer_Das_von_Gott_zwar_hart_gestraffte_und_gezüchtigte_[___]_Tübingen.json,Flut
1720-pregitzer-das-von-gott,new_trans_1720_Pregitzer_Das_von_Gott_zwar_hart_gestraffte_und_gezüchtigte_[___]_Tübingen.json,Herbst
1720-pregitzer-das-von-gott,new_trans_1720_Pregitzer_Das_von_Gott_zwar_hart_gestraffte_und_gezüchtigte_[___]_Tübingen.json,kalt
1720-pregitzer-das-von-gott,new_trans_1720_Pregitzer_Das_von_Gott_zwar_hart_gestraffte_und_gezüchtigte_[___]_Tübingen.json,Schlossen/Schloßen
1720-pregitzer-das-von-gott,new_trans_1720_Pregitzer_Das_von_Gott_zwar_hart_gestraffte_und_gezüchtigte_[___]_Tübingen.json,Wasser
1720-pregitzer-das-von-gott,new_trans_1720_Pregitzer_Das_von_Gott_zwar_hart_gestraffte_und_gezüchtigte_[___]_Tübingen.json,Sonne
1720-tafinger-der-ausbruch-goettlicher,new_trans_1720_Tafinger_Der_Ausbruch_göttlicher_Gerichte_in_dem_Tübingischen_fast_unerhörten_Wetter-Schaden.json,Wetter
1720-tafinger-der-ausbruch-goettlicher,new_trans_1720_Tafinger_Der_Ausbruch_göttlicher_Gerichte_in_dem_Tübingischen_fast_unerhörten_Wetter-Schaden.json,Witterung/Gewitter
1720-tafinger-der-ausbruch-goettlicher,new_trans_1720_Tafinger_Der_Ausbruch_göttlicher_Gerichte_in_dem_Tübingischen_fast_unerhörten_Wetter-Schaden.json,Wind
1720-tafinger-der-ausbruch-goettlicher,new_trans_1720_Tafinger_Der_Ausbruch_göttlicher_Gerichte_in_dem_Tübingischen_fast_unerhörten_Wetter-Schaden.json,Finsternuß/Finsternis
1720-tafinger-der-ausbruch-goettlicher,new_trans_1720_Tafinger_Der_Ausbruch_göttlicher_Gerichte_in_dem_Tübingischen_fast_unerhörten_Wetter-Schaden.json,Regen/Blutregen/Regenbogen
1720-tafinger-der-ausbruch-goettlicher,new_trans_1720_Tafinger_Der_Ausbruch_göttlicher_Gerichte_in_dem_Tübingischen_fast_unerhörten_Wetter-Schaden.json,Frost
1720-tafinger-der-ausbruch-goettlicher,new_trans_1720_Tafinger_Der_Ausbruch_göttlicher_Gerichte_in_dem_Tübingischen_fast_unerhörten_Wetter-Schaden.json,Dürre
1720-tafinger-der-ausbruch-goettlicher,new_trans_1720_Tafinger_Der_Ausbruch_göttlicher_Gerichte_in_dem_Tübingischen_fast_unerhörten_Wetter-Schaden.json,Hagel
1720-tafinger-der-ausbruch-goettlicher,new_trans_1720_Tafinger_Der_Ausbruch_göttlicher_Gerichte_in_dem_Tübingischen_fast_unerhörten_Wetter-Schaden.json,Hitze
1720-tafinger-der-ausbruch-goettlicher,new_trans_1720_Tafinger_Der_Ausbruch_göttlicher_Gerichte_in_dem_Tübingischen_fast_unerhörten_Wetter-Schaden.json,Herbst
1720-tafinger-der-ausbruch-goettlicher,new_trans_1720_Tafinger_Der_Ausbruch_göttlicher_Gerichte_in_dem_Tübingischen_fast_unerhörten_Wetter-Schaden.json,Schlossen/Schloßen
1720-tafinger-der-ausbruch-goettlicher,new_trans_1720_Tafinger_Der_Ausbruch_göttlicher_Gerichte_in_dem_Tübingischen_fast_unerhörten_Wetter-Schaden.json,Wasser
1637-schilling-drey-christliche-thewrung,trans_1637_Schilling_Drey_Christliche_Thewrung.json,Wetter
1637-schilling-drey-christliche-thewrung,trans_1637_Schilling_Drey_Christliche_Thewrung.json,Witterung/Gewitter
1637-schilling-drey-christliche-thewrung,trans_1637_Schilling_Drey_Christliche_Thewrung.json,Wind
1637-schilling-drey-christliche-thewrung,trans_1637_Schilling_Drey_Christliche_Thewrung.json,Regen/Blutregen/Regenbogen
1637-schilling-drey-christliche-thewrung,trans_1637_Schilling_Drey_Christliche_Thewrung.json,Komet/Comet
1637-schilling-drey-christliche-thewrung,trans_1637_Schilling_Drey_Christliche_Thewrung.json,Frost
1637-schilling-drey-christliche-thewrung,trans_1637_Schilling_Drey_Christliche_Thewrung.json,Kälte
1637-schilling-drey-christliche-thewrung,trans_1637_Schilling_Drey_Christliche_Thewrung.json,Dürre
1637-schilling-drey-christliche-thewrung,trans_1637_Schilling_Drey_Christliche_Thewrung.json,Hagel
1637-schilling-drey-christliche-thewrung,trans_1637_Schilling_Drey_Christliche_Thewrung.json,Flut
1637-schilling-drey-christliche-thewrung,trans_1637_Schilling_Drey_Christliche_Thewrung.json,Sommer
1637-schilling-drey-christliche-thewrung,trans_1637_Schilling_Drey_Christliche_Thewrung.json,Wasser
1637-schilling-drey-christliche-thewrung,trans_1637_Schilling_Drey_Christliche_Thewrung.json,Sonne
1639-reinhold-bronteiologike-gehalten-durch,trans_1639_Reinhold_Bronteiologiké.json,Wetter
1639-reinhold-bronteiologike-gehalten-durch,trans_1639_Reinhold_Bronteiologiké.json,Witterung/Gewitter
1639-reinhold-bronteiologike-gehalten-durch,trans_1639_Reinhold_Bronteiologiké.json,Wind
1639-reinhold-bronteiologike-gehalten-durch,trans_1639_Reinhold_Bronteiologiké.json,Finsternuß/Finsternis
1639-reinhold-bronteiologike-gehalten-durch,trans_1639_Reinhold_Bronteiologiké.json,Winter
1639-reinhold-bronteiologike-gehalten-durch,trans_1639_Reinhold_Bronteiologiké.json,Regen/Blutregen/Regenbogen
1639-reinhold-bronteiologike-gehalten-durch,trans_1639_Reinhold_Bronteiologiké.json,Schnee
1639-reinhold-bronteiologike-gehalten-durch,trans_1639_Reinhold_Bronteiologiké.json,Hagel
1639-reinhold-bronteiologike-gehalten-durch,trans_1639_Reinhold_Bronteiologiké.json,Sturm
1639-reinhold-bronteiologike-gehalten-durch,trans_1639_Reinhold_Bronteiologiké.json,Flut
1639-reinhold-bronteiologike-gehalten-durch,trans_1639_Reinhold_Bronteiologiké.json,Schlossen/Schloßen
1639-reinhold-bronteiologike-gehalten-durch,trans_1639_Reinhold_Bronteiologiké.json,Wasser
1649-alard-hiobitische-truebsaell-als,trans_1649_Alard_Hiobitsche_Trübsaell.json,Wetter
1649-alard-hiobitische-truebsaell-als,trans_1649_Alard_Hiobitsche_Trübsaell.json,Witterung/Gewitter
1649-alard-hiobitische-truebsaell-als,trans_1649_Alard_Hiobitsche_Trübsaell.json,Finsternuß/Finsternis
1649-alard-hiobitische-truebsaell-als,trans_1649_Alard_Hiobitsche_Trübsaell.json,Regen/Blutregen/Regenbogen
1649-alard-hiobitische-truebsaell-als,trans_1649_Alard_Hiobitsche_Trübsaell.json,Komet/Comet
1649-alard-hiobitische-truebsaell-als,trans_1649_Alard_Hiobitsche_Trübsaell.json,Kälte
1649-alard-hiobitische-truebsaell-als,trans_1649_Alard_Hiobitsche_Trübsaell.json,Schnee
1649-alard-hiobitische-truebsaell-als,trans_1649_Alard_Hiobitsche_Trübsaell.json,Eis
1649-alard-hiobitische-truebsaell-als,trans_1649_Alard_Hiobitsche_Trübsaell.json,Dürre
1649-alard-hiobitische-truebsaell-als,trans_1649_Alard_Hiobitsche_Trübsaell.json,Hagel
1649-alard-hiobitische-truebsaell-als,trans_1649_Alard_Hiobitsche_Trübsaell.json,Hitze
1649-alard-hiobitische-truebsaell-als,trans_1649_Alard_Hiobitsche_Trübsaell.json,Sturm
1649-alard-hiobitische-truebsaell-als,trans_1649_Alard_Hiobitsche_Trübsaell.json,Sommer
1649-alard-hiobitische-truebsaell-als,trans_1649_Alard_Hiobitsche_Trübsaell.json,Schlossen/Schloßen
1649-alard-hiobitische-truebsaell-als,trans_1649_Alard_Hiobitsche_Trübsaell.json,Wasser
1649-alard-hiobitische-truebsaell-als,trans_1649_Alard_Hiobitsche_Trübsaell.json,Sonne
1705-andreae-gottes-herrliche-heilige,"trans_1705_Andreae_Gottes_Herrliche,_Heilige_und_Heilsame_Wege_im_Wetter.json",Wetter
1705-andreae-gottes-herrliche-heilige,"trans_1705_Andreae_Gottes_Herrliche,_Heilige_und_Heilsame_Wege_im_Wetter.json",Witterung/Gewitter
1705-andreae-gottes-herrliche-heilige,"trans_1705_Andreae_Gottes_Herrliche,_Heilige_und_Heilsame_Wege_im_Wetter.json",Regen/Blutregen/Regenbogen
1705-andreae-gottes-herrliche-heilige,"trans_1705_Andreae_Gottes_Herrliche,_Heilige_und_Heilsame_Wege_im_Wetter.json",Nebel
1705-andreae-gottes-herrliche-heilige,"trans_1705_Andreae_Gottes_Herrliche,_Heilige_und_Heilsame_Wege_im_Wetter.json",Schnee
1705-andreae-gottes-herrliche-heilige,"trans_1705_Andreae_Gottes_Herrliche,_Heilige_und_Heilsame_Wege_im_Wetter.json",Hagel
1705-andreae-gottes-herrliche-heilige,"trans_1705_Andreae_Gottes_Herrliche,_Heilige_und_Heilsame_Wege_im_Wetter.json",Hitze
1705-andreae-gottes-herrliche-heilige,"trans_1705_Andreae_Gottes_Herrliche,_Heilige_und_Heilsame_Wege_im_Wetter.json",Sturm
1705-andreae-gottes-herrliche-heilige,"trans_1705_Andreae_Gottes_Herrliche,_Heilige_und_Heilsame_Wege_im_Wetter.json",Wasser
1705-graefe-gottes-majestaet-und,trans_1705_Gräfe_Gottes_Majestät_und_Herrligkeit_bey_dem_Ungewöhnlichen_grossen_Schnee.json,Wetter
1705-graefe-gottes-majestaet-und,trans_1705_Gräfe_Gottes_Majestät_und_Herrligkeit_bey_dem_Ungewöhnlichen_grossen_Schnee.json,Witterung/Gewitter
1705-graefe-gottes-majestaet-und,trans_1705_Gräfe_Gottes_Majestät_und_Herrligkeit_bey_dem_Ungewöhnlichen_grossen_Schnee.json,Wind
1705-graefe-gottes-majestaet-und,trans_1705_Gräfe_Gottes_Majestät_und_Herrligkeit_bey_dem_Ungewöhnlichen_grossen_Schnee.json,Winter
1705-graefe-gottes-majestaet-und,trans_1705_Gräfe_Gottes_Majestät_und_Herrligkeit_bey_dem_Ungewöhnlichen_grossen_Schnee.json,Regen/Blutregen/Regenbogen
1705-graefe-gottes-majestaet-und,trans_1705_Gräfe_Gottes_Majestät_und_Herrligkeit_bey_dem_Ungewöhnlichen_grossen_Schnee.json,Frost
1705-graefe-gottes-majestaet-und,trans_1705_Gräfe_Gottes_Majestät_und_Herrligkeit_bey_dem_Ungewöhnlichen_grossen_Schnee.json,Kälte
1705-graefe-gottes-majestaet-und,trans_1705_Gräfe_Gottes_Majestät_und_Herrligkeit_bey_dem_Ungewöhnlichen_grossen_Schnee.json,Schnee
1705-graefe-gottes-majestaet-und,trans_1705_Gräfe_Gottes_Majestät_und_Herrligkeit_bey_dem_Ungewöhnlichen_grossen_Schnee.json,Dürre
1705-graefe-gottes-majestaet-und,trans_1705_Gräfe_Gottes_Majestät_und_Herrligkeit_bey_dem_Ungewöhnlichen_grossen_Schnee.json,Hagel
1705-graefe-gottes-majestaet-und,trans_1705_Gräfe_Gottes_Majestät_und_Herrligkeit_bey_dem_Ungewöhnlichen_grossen_Schnee.json,Hitze
1705-graefe-gottes-majestaet-und,trans_1705_Gräfe_Gottes_Majestät_und_Herrligkeit_bey_dem_Ungewöhnlichen_grossen_Schnee.json,Sommer
1705-graefe-gottes-majestaet-und,trans_1705_Gräfe_Gottes_Majestät_und_Herrligkeit_bey_dem_Ungewöhnlichen_grossen_Schnee.json,Herbst
1705-graefe-gottes-majestaet-und,trans_1705_Gräfe_Gottes_Majestät_und_Herrligkeit_bey_dem_Ungewöhnlichen_grossen_Schnee.json,Schlossen/Schloßen
1705-graefe-gottes-majestaet-und,trans_1705_Gräfe_Gottes_Majestät_und_Herrligkeit_bey_dem_Ungewöhnlichen_grossen_Schnee.json,Wasser
1707-stolle-el-lemoshaot-der,trans_1707_Götze_El_Iemosha_ot_Der_Gott_vieler_Hülffen.json,Wetter
1707-stolle-el-lemoshaot-der,trans_1707_Götze_El_Iemosha_ot_Der_Gott_vieler_Hülffen.json,Witterung/Gewitter
1707-stolle-el-lemoshaot-der,trans_1707_Götze_El_Iemosha_ot_Der_Gott_vieler_Hülffen.json,Wind
1707-stolle-el-lemoshaot-der,trans_1707_Götze_El_Iemosha_ot_Der_Gott_vieler_Hülffen.json,Winter
1707-stolle-el-lemoshaot-der,trans_1707_Götze_El_Iemosha_ot_Der_Gott_vieler_Hülffen.json,Regen/Blutregen/Regenbogen
1707-stolle-el-lemoshaot-der,trans_1707_Götze_El_Iemosha_ot_Der_Gott_vieler_Hülffen.json,Kälte
1707-stolle-el-lemoshaot-der,trans_1707_Götze_El_Iemosha_ot_Der_Gott_vieler_Hülffen.json,Schnee
1707-stolle-el-lemoshaot-der,trans_1707_Götze_El_Iemosha_ot_Der_Gott_vieler_Hülffen.json,Hagel
1707-stolle-el-lemoshaot-der,trans_1707_Götze_El_Iemosha_ot_Der_Gott_vieler_Hülffen.json,Hitze
1707-stolle-el-lemoshaot-der,trans_1707_Götze_El_Iemosha_ot_Der_Gott_vieler_Hülffen.json,Sommer
1707-stolle-el-lemoshaot-der,trans_1707_Götze_El_Iemosha_ot_Der_Gott_vieler_Hülffen.json,Schlossen/Schloßen
1707-stolle-el-lemoshaot-der,trans_1707_Götze_El_Iemosha_ot_Der_Gott_vieler_Hülffen.json,Wasser
1707-stolle-el-lemoshaot-der,trans_1707_Götze_El_Iemosha_ot_Der_Gott_vieler_Hülffen.json,Sonne
1748-knebel-wie-gott-denen,trans_1748_Knebel_Wie_Gott_denen_Leuten_die_Ohren_zu_öffnen_pflege.json,Wetter
1748-knebel-wie-gott-denen,trans_1748_Knebel_Wie_Gott_denen_Leuten_die_Ohren_zu_öffnen_pflege.json,Witterung/Gewitter
1748-knebel-wie-gott-denen,trans_1748_Knebel_Wie_Gott_denen_Leuten_die_Ohren_zu_öffnen_pflege.json,Wind
1748-knebel-wie-gott-denen,trans_1748_Knebel_Wie_Gott_denen_Leuten_die_Ohren_zu_öffnen_pflege.json,Hagel
1748-knebel-wie-gott-denen,trans_1748_Knebel_Wie_Gott_denen_Leuten_die_Ohren_zu_öffnen_pflege.json,Sturm
1748-knebel-wie-gott-denen,trans_1748_Knebel_Wie_Gott_denen_Leuten_die_Ohren_zu_öffnen_pflege.json,Wasser
